Country,Year,Target,Prediction,Population_Million,Waste_Per_Capita_kg,Economic_Loss_Per_Capita_USD,Carbon_Per_Capita_kgCO2e,Sustainability_Score
Argentina,2025,Total Waste (Tons),52140.509210125216,800.4515200000001,0.06513887213322452,65.13887213322451,6.513887213322452e-05,94.78889022934203
Argentina,2025,Economic Loss (Million $),36783.678941708684,800.4515200000001,0.04595366243006032,45.95366243006033,4.595366243006032e-05,96.32370700559518
Argentina,2025,Carbon_Footprint_kgCO2e,52116147.05103779,800.4515200000001,65.10843661217332,65108.43661217332,0.06510843661217332,0.0
Argentina,2025,Sustainability_Score,19.326210680769893,800.4515200000001,2.414413640037799e-05,0.02414413640037799,2.414413640037799e-08,99.99806846908797
Australia,2025,Total Waste (Tons),41622.44871650233,89.815,0.46342424669044513,463.4242466904452,0.00046342424669044513,62.926060264764395
Australia,2025,Economic Loss (Million $),31207.977408792813,89.815,0.3474695475008942,347.4695475008942,0.0003474695475008942,72.20243619992847
Australia,2025,Carbon_Footprint_kgCO2e,41248693.69604137,89.815,459.26285916652415,459262.85916652414,0.45926285916652415,0.0
Australia,2025,Sustainability_Score,18.370065005779246,89.815,0.00020453226082257133,0.20453226082257134,2.0453226082257136e-07,99.98363741913418
Brazil,2025,Total Waste (Tons),49485.198988082695,519.89476,0.09518310780451546,95.18310780451547,9.518310780451546e-05,92.38535137563876
Brazil,2025,Economic Loss (Million $),34784.021760759206,519.89476,0.06690589026278934,66.90589026278936,6.690589026278935e-05,94.64752877897686
Brazil,2025,Carbon_Footprint_kgCO2e,49320907.82149259,519.89476,94.86709929812062,94867.09929812064,0.09486709929812062,0.0
Brazil,2025,Sustainability_Score,18.35054464758759,519.89476,3.529665243709629e-05,0.03529665243709629,3.529665243709629e-08,99.99717626780503
Canada,2025,Total Waste (Tons),53989.23227138365,1342.94424,0.04020213994244739,40.20213994244738,4.0202139942447386e-05,96.78382880460421
Canada,2025,Economic Loss (Million $),36036.651929667474,1342.94424,0.02683406418249165,26.83406418249165,2.6834064182491652e-05,97.85327486540065
Canada,2025,Carbon_Footprint_kgCO2e,54247846.57274067,1342.94424,40.39471257030051,40394.71257030051,0.040394712570300514,0.0
Canada,2025,Sustainability_Score,32.30676887139601,1342.94424,2.405667183277543e-05,0.02405667183277543,2.4056671832775433e-08,99.99807546625338
China,2025,Total Waste (Tons),41221.44189922019,85.70627999999999,0.4809617439844571,480.96174398445714,0.0004809617439844571,61.523060481243434
China,2025,Economic Loss (Million $),33414.4411882112,85.70627999999999,0.38987156119961347,389.8715611996135,0.0003898715611996135,68.81027510403092
China,2025,Carbon_Footprint_kgCO2e,41081512.891717464,85.70627999999999,479.3290864067075,479329.08640670753,0.47932908640670757,0.0
China,2025,Sustainability_Score,18.342618222885356,85.70627999999999,0.00021401720180697797,0.21401720180697795,2.1401720180697797e-07,99.98287862385544
France,2025,Total Waste (Tons),51881.498309188966,1095.82396,0.047344738026342266,47.34473802634226,4.734473802634227e-05,96.21242095789262
France,2025,Economic Loss (Million $),37029.942811078065,1095.82396,0.033791871835945314,33.791871835945315,3.379187183594531e-05,97.29665025312437
France,2025,Carbon_Footprint_kgCO2e,52335969.70303176,1095.82396,47.75946832101733,47759.46832101733,0.04775946832101733,0.0
France,2025,Sustainability_Score,32.69681386980144,1095.82396,2.9837651906973667e-05,0.02983765190697367,2.983765190697367e-08,99.99761298784745
Germany,2025,Total Waste (Tons),53801.56289978532,1365.6434000000002,0.03939649464844579,39.39649464844579,3.9396494648445786e-05,96.84828042812434
Germany,2025,Economic Loss (Million $),35811.544036042986,1365.6434000000002,0.026223202950377077,26.223202950377072,2.6223202950377074e-05,97.90214376396985
Germany,2025,Carbon_Footprint_kgCO2e,54060177.201142326,1365.6434000000002,39.58586641369359,39585.86641369359,0.039585866413693584,0.0
Germany,2025,Sustainability_Score,34.506990884646605,1365.6434000000002,2.5267936625803338e-05,0.025267936625803337,2.5267936625803338e-08,99.99797856506993
India,2025,Total Waste (Tons),53318.59944706728,1327.65292,0.040160043821594035,40.16004382159404,4.016004382159403e-05,96.7871964942725
India,2025,Economic Loss (Million $),35903.25945984669,1327.65292,0.02704265468707491,27.042654687074908,2.704265468707491e-05,97.83658762503403
India,2025,Carbon_Footprint_kgCO2e,53552851.58933687,1327.65292,40.33648462079748,40336.484620797484,0.04033648462079748,0.0
India,2025,Sustainability_Score,40.63418889694539,1327.65292,3.060603286056523e-05,0.030606032860565235,3.060603286056524e-08,99.99755151737115
Indonesia,2025,Total Waste (Tons),52565.447648247915,902.35992,0.05825330500965503,58.25330500965504,5.825330500965503e-05,95.33973559922761
Indonesia,2025,Economic Loss (Million $),37616.938035243926,902.35992,0.04168728818900105,41.687288189001045,4.168728818900104e-05,96.66501694487992
Indonesia,2025,Carbon_Footprint_kgCO2e,52541085.48916049,902.35992,58.22630673707282,58226.306737072824,0.058226306737072825,0.0
Indonesia,2025,Sustainability_Score,19.115212885034076,902.35992,2.1183579258522557e-05,0.021183579258522562,2.118357925852256e-08,99.99830531365932
Italy,2025,Total Waste (Tons),48624.7207442441,473.2112,0.10275479689458766,102.75479689458767,0.00010275479689458766,91.77961624843299
Italy,2025,Economic Loss (Million $),35200.352746106844,473.2112,0.07438613613986068,74.38613613986068,7.438613613986069e-05,94.04910910881115
Italy,2025,Carbon_Footprint_kgCO2e,48411978.038606584,473.2112,102.30522447187764,102305.22447187765,0.10230522447187763,0.0
Italy,2025,Sustainability_Score,18.35054464758759,473.2112,3.8778762310755936e-05,0.038778762310755936,3.877876231075594e-08,99.99689769901514
Japan,2025,Total Waste (Tons),53306.57493472017,1319.15212,0.04040972540355708,40.409725403557076,4.040972540355707e-05,96.76722196771544
Japan,2025,Economic Loss (Million $),36049.22354473296,1319.15212,0.0273275712468498,27.3275712468498,2.7327571246849802e-05,97.81379430025201
Japan,2025,Carbon_Footprint_kgCO2e,53540827.076989755,1319.15212,40.58730321184622,40587.30321184623,0.040587303211846226,0.0
Japan,2025,Sustainability_Score,35.48716357484284,1319.15212,2.690149455609626e-05,0.02690149455609626,2.690149455609626e-08,99.99784788043551
Mexico,2025,Total Waste (Tons),52914.580533346794,879.2053599999999,0.06018455180180749,60.18455180180749,6.0184551801807486e-05,95.18523585585541
Mexico,2025,Economic Loss (Million $),36967.962615926386,879.2053599999999,0.04204701688343482,42.04701688343482,4.204701688343482e-05,96.63623864932521
Mexico,2025,Carbon_Footprint_kgCO2e,52784723.578250654,879.2053599999999,60.03685370872928,60036.85370872928,0.06003685370872928,0.0
Mexico,2025,Sustainability_Score,18.336096105528867,879.2053599999999,2.085530518777646e-05,0.020855305187776462,2.085530518777646e-08,99.99833157558497
Russia,2025,Total Waste (Tons),54040.58034257644,1338.43072,0.04037607590370941,40.37607590370941,4.037607590370941e-05,96.76991392770324
Russia,2025,Economic Loss (Million $),36172.80450334029,1338.43072,0.02702628082486054,27.02628082486054,2.7026280824860543e-05,97.83789753401115
Russia,2025,Carbon_Footprint_kgCO2e,54274832.484846026,1338.43072,40.551095901957495,40551.095901957495,0.0405510959019575,0.0
Russia,2025,Sustainability_Score,34.75065622279684,1338.43072,2.596373178194598e-05,0.02596373178194598,2.596373178194598e-08,99.99792290145744
Saudi Arabia,2025,Total Waste (Tons),50188.75484050529,559.0794000000001,0.08977035254832369,89.77035254832369,8.977035254832368e-05,92.8183717961341
Saudi Arabia,2025,Economic Loss (Million $),35528.03025995757,559.0794000000001,0.06354737852970002,63.54737852970001,6.354737852970001e-05,94.916209717624
Saudi Arabia,2025,Carbon_Footprint_kgCO2e,50024463.673915185,559.0794000000001,89.47649238000037,89476.49238000036,0.08947649238000036,0.0
Saudi Arabia,2025,Sustainability_Score,18.34254434378792,559.0794000000001,3.280847826585619e-05,0.032808478265856186,3.2808478265856185e-08,99.99737532173873
South Africa,2025,Total Waste (Tons),47543.94024409801,380.35008,0.12500047388999633,125.00047388999633,0.0001250004738899963,89.99996208880029
South Africa,2025,Economic Loss (Million $),34242.82000511185,380.35008,0.09002974313851032,90.02974313851031,9.002974313851031e-05,92.79762054891918
South Africa,2025,Carbon_Footprint_kgCO2e,47379649.077507906,380.35008,124.56852665183587,124568.52665183587,0.12456852665183588,0.0
South Africa,2025,Sustainability_Score,18.349094346364033,380.35008,4.824264621257351e-05,0.048242646212573514,4.8242646212573516e-08,99.99614058830299
South Korea,2025,Total Waste (Tons),52854.94972396552,963.6567600000001,0.054848315207134034,54.84831520713403,5.4848315207134036e-05,95.61213478342927
South Korea,2025,Economic Loss (Million $),37327.96857008432,963.6567600000001,0.038735751275261444,38.73575127526145,3.8735751275261444e-05,96.90113989797909
South Korea,2025,Carbon_Footprint_kgCO2e,52830587.5648781,963.6567600000001,54.82303425638615,54823.034256386156,0.054823034256386155,0.0
South Korea,2025,Sustainability_Score,21.803351231638853,963.6567600000001,2.262564030748754e-05,0.022625640307487545,2.2625640307487543e-08,99.99818994877539
Spain,2025,Total Waste (Tons),44674.01826771474,222.09352,0.2011495799954665,201.1495799954665,0.0002011495799954665,83.90803360036267
Spain,2025,Economic Loss (Million $),32918.289431212856,222.09352,0.1482181444610039,148.2181444610039,0.00014821814446100388,88.14254844311968
Spain,2025,Carbon_Footprint_kgCO2e,44534089.260212004,222.09352,200.51953456459245,200519.53456459247,0.20051953456459246,0.0
Spain,2025,Sustainability_Score,18.336096105528867,222.09352,8.256024806815106e-05,0.08256024806815106,8.256024806815105e-08,99.99339518015454
Turkey,2025,Total Waste (Tons),54316.18794428182,1214.38988,0.044727141455001104,44.7271414550011,4.472714145500111e-05,96.42182868359993
Turkey,2025,Economic Loss (Million $),37221.81025748652,1214.38988,0.030650626187272347,30.650626187272344,3.065062618727234e-05,97.54794990501821
Turkey,2025,Carbon_Footprint_kgCO2e,54285606.65530293,1214.38988,44.701959024315094,44701.959024315096,0.0447019590243151,0.0
Turkey,2025,Sustainability_Score,21.35546411561122,1214.38988,1.7585344268194344e-05,0.017585344268194344,1.7585344268194347e-08,99.99859317245856
UK,2025,Total Waste (Tons),53910.936061294524,1163.70892,0.0463268220555485,46.3268220555485,4.63268220555485e-05,96.29385423555613
UK,2025,Economic Loss (Million $),36984.782448166356,1163.70892,0.031781815720864595,31.781815720864596,3.1781815720864593e-05,97.45745474233082
UK,2025,Carbon_Footprint_kgCO2e,53880354.77231563,1163.70892,46.3005428989198,46300.5428989198,0.0463005428989198,0.0
UK,2025,Sustainability_Score,22.544616274819074,1163.70892,1.9373071639615063e-05,0.01937307163961506,1.9373071639615063e-08,99.99845015426884
USA,2025,Total Waste (Tons),52321.837456879184,846.0826,0.061840105749579516,61.84010574957951,6.184010574957951e-05,95.05279154003364
USA,2025,Economic Loss (Million $),36779.242672226675,846.0826,0.04347003788073017,43.470037880730175,4.347003788073017e-05,96.52239696954157
USA,2025,Carbon_Footprint_kgCO2e,52297475.29779177,846.0826,61.81131168256122,61811.31168256122,0.06181131168256122,0.0
USA,2025,Sustainability_Score,18.35054464758759,846.0826,2.1688833510566925e-05,0.021688833510566923,2.1688833510566923e-08,99.99826489331916
Argentina,2026,Total Waste (Tons),52076.877338583196,810.05693824,0.06428792209561211,64.28792209561212,6.428792209561212e-05,94.85696623235104
Argentina,2026,Economic Loss (Million $),36852.49744992999,810.05693824,0.04549371249136996,45.49371249136996,4.549371249136996e-05,96.36050300069041
Argentina,2026,Carbon_Footprint_kgCO2e,52052515.17949577,810.05693824,64.25784747006745,64257.84747006745,0.06425784747006745,0.0
Argentina,2026,Sustainability_Score,20.021674193982854,810.05693824,2.471637887267984e-05,0.02471637887267984,2.471637887267984e-08,99.99802268969017
Australia,2026,Total Waste (Tons),41319.99051838538,90.89278,0.45460146029624554,454.6014602962455,0.0004546014602962455,63.63188317630035
Australia,2026,Economic Loss (Million $),31233.26709989392,90.89278,0.34362759176134694,343.62759176134693,0.00034362759176134695,72.50979265909224
Australia,2026,Carbon_Footprint_kgCO2e,40946235.49792441,90.89278,450.4894172884184,450489.41728841834,0.4504894172884184,0.0
Australia,2026,Sustainability_Score,18.391658911507758,90.89278,0.0002023445526862283,0.2023445526862283,2.023445526862283e-07,99.9838124357851
Brazil,2026,Total Waste (Tons),49702.97989829611,526.13349712,0.09446838144760797,94.46838144760795,9.446838144760796e-05,92.44252948419135
Brazil,2026,Economic Loss (Million $),35746.27654383751,526.13349712,0.06794145732881275,67.94145732881277,6.794145732881276e-05,94.564683413695
Brazil,2026,Carbon_Footprint_kgCO2e,49678617.739208706,526.13349712,94.42207730764964,94422.07730764964,0.09442207730764965,0.0
Brazil,2026,Sustainability_Score,18.3721385533161,526.13349712,3.4919157692645063e-05,0.034919157692645066,3.491915769264506e-08,99.99720646738459
Canada,2026,Total Waste (Tons),53950.727782383874,1359.05957088,0.03969710301031943,39.69710301031943,3.969710301031943e-05,96.82423175917444
Canada,2026,Economic Loss (Million $),36057.05596761459,1359.05957088,0.026530887048804942,26.530887048804946,2.6530887048804942e-05,97.87752903609561
Canada,2026,Carbon_Footprint_kgCO2e,54209342.08374089,1359.05957088,39.88739216827706,39887.39216827706,0.03988739216827706,0.0
Canada,2026,Sustainability_Score,32.43479343261871,1359.05957088,2.386561570043392e-05,0.02386561570043392,2.386561570043392e-08,99.99809075074396
China,2026,Total Waste (Tons),41168.32926508045,86.73475536,0.4746462833060149,474.6462833060149,0.00047464628330601483,62.0282973355188
China,2026,Economic Loss (Million $),32908.81788414142,86.73475536,0.37941904312233965,379.41904312233964,0.00037941904312233966,69.64647655021284
China,2026,Carbon_Footprint_kgCO2e,41028400.257577725,86.73475536,473.03298530428606,473032.98530428606,0.47303298530428606,0.0
China,2026,Sustainability_Score,18.364212128613868,86.73475536,0.00021172841328013942,0.21172841328013942,2.1172841328013944e-07,99.98306172693759
France,2026,Total Waste (Tons),52501.71550394065,1108.97384752,0.047342609225051,47.342609225051,4.7342609225051e-05,96.21259126199593
France,2026,Economic Loss (Million $),37205.13611499109,1108.97384752,0.033549155553300916,33.54915555330091,3.354915555330091e-05,97.31606755573591
France,2026,Carbon_Footprint_kgCO2e,52471134.21496174,1108.97384752,47.31503302111499,47315.033021114985,0.04731503302111499,0.0
France,2026,Sustainability_Score,34.20604137597581,1108.97384752,3.084476829861302e-05,0.030844768298613025,3.084476829861302e-08,99.99753241853611
Germany,2026,Total Waste (Tons),53763.05841078555,1382.0311208,0.0389014817406314,38.9014817406314,3.89014817406314e-05,96.8878814607495
Germany,2026,Economic Loss (Million $),35824.040978616125,1382.0311208,0.025921298326393033,25.921298326393032,2.5921298326393033e-05,97.92629613388856
Germany,2026,Carbon_Footprint_kgCO2e,54021672.71214255,1382.0311208,39.088607990876255,39088.607990876255,0.03908860799087626,0.0
Germany,2026,Sustainability_Score,34.506990884646605,1382.0311208,2.4968316823916347e-05,0.024968316823916346,2.4968316823916347e-08,99.99800253465408
India,2026,Total Waste (Tons),53698.21229563912,1343.5847550400001,0.03996637509781842,39.966375097818414,3.9966375097818416e-05,96.80268999217452
India,2026,Economic Loss (Million $),36256.99990781093,1343.5847550400001,0.02698527187942938,26.985271879429384,2.698527187942938e-05,97.84117824964567
India,2026,Carbon_Footprint_kgCO2e,53956826.59699614,1343.5847550400001,40.15885592225984,40158.855922259834,0.04015885592225984,0.0
India,2026,Sustainability_Score,40.919902711416974,1343.5847550400001,3.0455765859146516e-05,0.030455765859146517,3.045576585914652e-08,99.99756353873126
Indonesia,2026,Total Waste (Tons),52590.07375316135,913.1882390399999,0.05758952153002682,57.589521530026815,5.758952153002682e-05,95.39283827759786
Indonesia,2026,Economic Loss (Million $),37616.938035243926,913.1882390399999,0.041192972518775746,41.19297251877574,4.1192972518775744e-05,96.70456219849794
Indonesia,2026,Carbon_Footprint_kgCO2e,52565711.59407392,913.1882390399999,57.56284339506416,57562.843395064156,0.05756284339506416,0.0
Indonesia,2026,Sustainability_Score,19.185763160224038,913.1882390399999,2.100964767175857e-05,0.021009647671758568,2.1009647671758568e-08,99.99831922818625
Italy,2026,Total Waste (Tons),48931.95614071639,478.8897344,0.10217791826760109,102.17791826760107,0.00010217791826760109,91.8257665385919
Italy,2026,Economic Loss (Million $),35137.774544923814,478.8897344,0.07337341358746781,73.37341358746781,7.337341358746781e-05,94.13012691300257
Italy,2026,Carbon_Footprint_kgCO2e,48719213.435078874,478.8897344,101.73367674318405,101733.67674318406,0.10173367674318406,0.0
Italy,2026,Sustainability_Score,18.3721385533161,478.8897344,3.8364026692563186e-05,0.03836402669256319,3.836402669256319e-08,99.9969308778646
Japan,2026,Total Waste (Tons),53339.96811081507,1334.98194544,0.039955572652508514,39.955572652508515,3.9955572652508515e-05,96.80355418779932
Japan,2026,Economic Loss (Million $),36049.22354473296,1334.98194544,0.027003528900049215,27.00352890004921,2.7003528900049214e-05,97.83971768799606
Japan,2026,Carbon_Footprint_kgCO2e,53574220.25308465,1334.98194544,40.13104479508672,40131.04479508672,0.04013104479508672,0.0
Japan,2026,Sustainability_Score,35.801790424309445,1334.98194544,2.6818183232065696e-05,0.0268181832320657,2.6818183232065697e-08,99.99785454534145
Mexico,2026,Total Waste (Tons),52890.17444973828,889.7558243199999,0.05944347089850167,59.44347089850167,5.944347089850167e-05,95.24452232811986
Mexico,2026,Economic Loss (Million $),37422.91498457796,889.7558243199999,0.042059758376045024,42.059758376045025,4.2059758376045026e-05,96.63521932991641
Mexico,2026,Carbon_Footprint_kgCO2e,52760317.49464214,889.7558243199999,59.29752416621094,59297.52416621095,0.059297524166210945,0.0
Mexico,2026,Sustainability_Score,18.357690011257375,889.7558243199999,2.0632278552699924e-05,0.020632278552699924,2.0632278552699922e-08,99.99834941771579
Russia,2026,Total Waste (Tons),53977.71369448923,1354.4918886399998,0.03985089475041925,39.85089475041926,3.9850894750419256e-05,96.81192841996646
Russia,2026,Economic Loss (Million $),36193.20854128741,1354.4918886399998,0.026720875071188355,26.720875071188356,2.6720875071188357e-05,97.86232999430493
Russia,2026,Carbon_Footprint_kgCO2e,54236327.99584625,1354.4918886399998,40.041825610563926,40041.82561056393,0.04004182561056393,0.0
Russia,2026,Sustainability_Score,35.06849812524719,1354.4918886399998,2.5890519108577536e-05,0.025890519108577533,2.5890519108577533e-08,99.99792875847132
Saudi Arabia,2026,Total Waste (Tons),50406.5357507187,565.7883528,0.08909079782442404,89.09079782442404,8.909079782442404e-05,92.87273617404608
Saudi Arabia,2026,Economic Loss (Million $),36272.17766003776,565.7883528,0.06410909217295178,64.10909217295179,6.410909217295179e-05,94.87127262616386
Saudi Arabia,2026,Carbon_Footprint_kgCO2e,50382173.5916313,565.7883528,89.04773903933801,89047.739039338,0.089047739039338,0.0
Saudi Arabia,2026,Sustainability_Score,18.36413824951643,565.7883528,3.2457610975261545e-05,0.03245761097526154,3.2457610975261546e-08,99.99740339112199
South Africa,2026,Total Waste (Tons),47480.30837255599,384.9142809599999,0.12335294043686085,123.35294043686085,0.00012335294043686084,90.13176476505113
South Africa,2026,Economic Loss (Million $),34039.1022521289,384.9142809599999,0.0884329419195185,88.4329419195185,8.84329419195185e-05,92.92536464643852
South Africa,2026,Carbon_Footprint_kgCO2e,47316017.205965884,384.9142809599999,122.9261151027102,122926.1151027102,0.1229261151027102,0.0
South Africa,2026,Sustainability_Score,18.370688252092542,384.9142809599999,4.7726699581722234e-05,0.04772669958172223,4.772669958172223e-08,99.99618186403346
South Korea,2026,Total Waste (Tons),52613.794432598195,975.22064112,0.05395065712736911,53.950657127369105,5.3950657127369104e-05,95.68394742981047
South Korea,2026,Economic Loss (Million $),37376.62196856594,975.22064112,0.03832632369803049,38.326323698030485,3.832632369803048e-05,96.93389410415756
South Korea,2026,Carbon_Footprint_kgCO2e,52780722.07761127,975.22064112,54.1218262330818,54121.826233081796,0.0541218262330818,0.0
South Korea,2026,Sustainability_Score,21.880473235706358,975.22064112,2.243643367779578e-05,0.02243643367779578,2.2436433677795777e-08,99.99820508530577
Spain,2026,Total Waste (Tons),45400.216272336584,224.75864224,0.20199541970830062,201.99541970830063,0.00020199541970830062,83.84036642333595
Spain,2026,Economic Loss (Million $),32647.0730140181,224.75864224,0.14525391632841936,145.25391632841936,0.00014525391632841934,88.37968669372644
Spain,2026,Carbon_Footprint_kgCO2e,45260287.26483386,224.75864224,201.37284517186387,201372.84517186385,0.20137284517186385,0.0
Spain,2026,Sustainability_Score,18.357690011257375,224.75864224,8.167734876977415e-05,0.08167734876977417,8.167734876977416e-08,99.99346581209842
Turkey,2026,Total Waste (Tons),54277.683455282044,1228.96255856,0.044165449205287664,44.165449205287665,4.416544920528767e-05,96.46676406357699
Turkey,2026,Economic Loss (Million $),37128.55853814328,1228.96255856,0.030211301621464823,30.21130162146482,3.0211301621464823e-05,97.58309587028282
Turkey,2026,Carbon_Footprint_kgCO2e,54247102.16630315,1228.96255856,44.14056538049912,44140.565380499116,0.04414056538049912,0.0
Turkey,2026,Sustainability_Score,21.840688204653375,1228.96255856,1.7771646542466314e-05,0.01777164654246631,1.777164654246631e-08,99.9985782682766
UK,2026,Total Waste (Tons),53872.43157229475,1177.67342704,0.04574479676229033,45.744796762290335,4.5744796762290335e-05,96.34041625901676
UK,2026,Economic Loss (Million $),37153.57698751439,1177.67342704,0.03154828506311577,31.54828506311577,3.154828506311577e-05,97.47613719495074
UK,2026,Carbon_Footprint_kgCO2e,53841850.28331585,1177.67342704,45.71882921621454,45718.82921621454,0.04571882921621454,0.0
UK,2026,Sustainability_Score,22.791949336565516,1177.67342704,1.9353369799513513e-05,0.019353369799513513,1.9353369799513512e-08,99.99845173041604
USA,2026,Total Waste (Tons),52258.205585337164,856.2355911999999,0.061032508018147386,61.03250801814739,6.103250801814739e-05,95.1173993585482
USA,2026,Economic Loss (Million $),36601.58571193883,856.2355911999999,0.042747096813205716,42.747096813205715,4.2747096813205716e-05,96.58023225494354
USA,2026,Carbon_Footprint_kgCO2e,52233843.42624975,856.2355911999999,61.00405538275381,61004.05538275382,0.061004055382753816,0.0
USA,2026,Sustainability_Score,18.3721385533161,856.2355911999999,2.145687325093302e-05,0.02145687325093302,2.1456873250933018e-08,99.99828345013992
Argentina,2027,Total Waste (Tons),51837.413861497385,819.7776214988801,0.06323350687070226,63.23350687070226,6.323350687070225e-05,94.94131945034381
Argentina,2027,Economic Loss (Million $),36827.83336765005,819.7776214988801,0.04492417504678171,44.92417504678171,4.492417504678171e-05,96.40606599625747
Argentina,2027,Carbon_Footprint_kgCO2e,51837413.8614974,819.7776214988801,63.233506870702286,63233.50687070227,0.06323350687070228,0.0
Argentina,2027,Sustainability_Score,20.029022383015423,819.7776214988801,2.443226291831972e-05,0.02443226291831972,2.4432262918319717e-08,99.99804541896653
Australia,2027,Total Waste (Tons),41578.110407004795,91.98349336,0.45201708358997245,452.0170835899724,0.00045201708358997243,63.83863331280221
Australia,2027,Economic Loss (Million $),31248.588025222587,91.98349336,0.3397195179674636,339.7195179674636,0.00033971951796746356,72.82243856260291
Australia,2027,Carbon_Footprint_kgCO2e,41204355.38654383,91.98349336,447.9537999854002,447953.7999854003,0.44795379998540025,0.0
Australia,2027,Sustainability_Score,18.38593498060772,91.98349336,0.0001998829823591266,0.1998829823591266,1.998829823591266e-07,99.98400936141127
Brazil,2027,Total Waste (Tons),49822.97653161665,532.4470990854401,0.09357357119081931,93.57357119081931,9.357357119081931e-05,92.51411430473446
Brazil,2027,Economic Loss (Million $),35770.76435060818,532.4470990854401,0.06718181846055687,67.18181846055688,6.718181846055689e-05,94.62545452315545
Brazil,2027,Carbon_Footprint_kgCO2e,49822976.53161667,532.4470990854401,93.57357119081935,93573.57119081935,0.09357357119081935,0.0
Brazil,2027,Sustainability_Score,18.379486742348668,532.4470990854401,3.4518897321289325e-05,0.03451889732128932,3.451889732128932e-08,99.99723848821431
Canada,2027,Total Waste (Tons),53952.83361436403,1375.36828573056,0.039227917477903516,39.22791747790352,3.9227917477903515e-05,96.86176660176771
Canada,2027,Economic Loss (Million $),36060.4609471238,1375.36828573056,0.026218767235838523,26.21876723583852,2.621876723583852e-05,97.90249862113292
Canada,2027,Carbon_Footprint_kgCO2e,54144123.41846454,1375.36828573056,39.36700008296656,39367.000082966566,0.03936700008296656,0.0
Canada,2027,Sustainability_Score,32.51537366058495,1375.36828573056,2.364121231958873e-05,0.02364121231958873,2.364121231958873e-08,99.99810870301444
China,2027,Total Waste (Tons),41426.44915369987,87.77557242432,0.47195874671643645,471.95874671643645,0.0004719587467164365,62.243300262685075
China,2027,Economic Loss (Million $),33049.30715103919,87.77557242432,0.3765205539335476,376.52055393354755,0.00037652055393354756,69.8783556853162
China,2027,Carbon_Footprint_kgCO2e,41286520.14619715,87.77557242432,470.36457873053854,470364.5787305385,0.4703645787305385,0.0
China,2027,Sustainability_Score,18.365038200289945,87.77557242432,0.00020922721086352654,0.20922721086352655,2.0922721086352652e-07,99.98326182313093
France,2027,Total Waste (Tons),52316.98969714614,1122.28153369024,0.04661663595686153,46.61663595686153,4.661663595686153e-05,96.27066912345109
France,2027,Economic Loss (Million $),36725.274145560106,1122.28153369024,0.03272376230303066,32.72376230303066,3.272376230303066e-05,97.38209901575756
France,2027,Carbon_Footprint_kgCO2e,52243446.06999815,1122.28153369024,46.55110549508322,46551.105495083226,0.04655110549508322,0.0
France,2027,Sustainability_Score,34.44552245646603,1122.28153369024,3.0692407762608086e-05,0.030692407762608086,3.069240776260809e-08,99.99754460737898
Germany,2027,Total Waste (Tons),53765.164242765706,1398.6154942496,0.038441705003141244,38.441705003141244,3.844170500314124e-05,96.9246635997487
Germany,2027,Economic Loss (Million $),35880.01863339458,1398.6154942496,0.025653954772355294,25.653954772355295,2.5653954772355293e-05,97.94768361821158
Germany,2027,Carbon_Footprint_kgCO2e,53956454.0468662,1398.6154942496,38.57847583464353,38578.47583464353,0.03857847583464352,0.0
Germany,2027,Sustainability_Score,34.84101914472386,1398.6154942496,2.49110776249602e-05,0.024911077624960202,2.49110776249602e-08,99.99800711379001
India,2027,Total Waste (Tons),53945.782612778734,1359.70777210048,0.039674541632900386,39.67454163290039,3.967454163290039e-05,96.82603666936795
India,2027,Economic Loss (Million $),36272.298034436506,1359.70777210048,0.026676539458477148,26.676539458477148,2.6676539458477146e-05,97.86587684332183
India,2027,Carbon_Footprint_kgCO2e,54137072.416879244,1359.70777210048,39.81522612998538,39815.22612998538,0.039815226129985386,0.0
India,2027,Sustainability_Score,40.95842246653007,1359.70777210048,3.0122959732191123e-05,0.030122959732191125,3.012295973219112e-08,99.99759016322143
Indonesia,2027,Total Waste (Tons),52725.24912328446,924.14649790848,0.05705291232787417,57.05291232787417,5.705291232787417e-05,95.43576701377006
Indonesia,2027,Economic Loss (Million $),37592.27395296398,924.14649790848,0.040677829800840525,40.677829800840534,4.067782980084053e-05,96.74577361593275
Indonesia,2027,Carbon_Footprint_kgCO2e,52725249.12328449,924.14649790848,57.0529123278742,57052.912327874204,0.0570529123278742,0.0
Indonesia,2027,Sustainability_Score,19.593175294577016,924.14649790848,2.1201373742063745e-05,0.021201373742063746,2.1201373742063743e-08,99.99830389010063
Italy,2027,Total Waste (Tons),49142.59976857475,484.6364112128,0.10140096499475898,101.40096499475898,0.00010140096499475897,91.88792280041929
Italy,2027,Economic Loss (Million $),36104.23223291715,484.6364112128,0.07449756435461898,74.49756435461897,7.449756435461896e-05,94.04019485163047
Italy,2027,Carbon_Footprint_kgCO2e,48954219.222024664,484.6364112128,101.01226009724897,101012.26009724897,0.10101226009724897,0.0
Italy,2027,Sustainability_Score,18.379486742348668,484.6364112128,3.79242795570273e-05,0.0379242795570273,3.79242795570273e-08,99.99696605763543
Japan,2027,Total Waste (Tons),53317.7117837078,1351.00172878528,0.03946531721439551,39.465317214395505,3.946531721439551e-05,96.84277462284837
Japan,2027,Economic Loss (Million $),36259.72257818813,1351.00172878528,0.026839138548542175,26.839138548542174,2.6839138548542175e-05,97.85286891611665
Japan,2027,Carbon_Footprint_kgCO2e,53509001.5878083,1351.00172878528,39.60690830197502,39606.90830197502,0.03960690830197502,0.0
Japan,2027,Sustainability_Score,35.79370911812138,1351.00172878528,2.649419934518101e-05,0.026494199345181012,2.649419934518101e-08,99.99788046405239
Mexico,2027,Total Waste (Tons),53109.390859126484,900.43289421184,0.05898206429432344,58.98206429432344,5.898206429432344e-05,95.28143485645413
Mexico,2027,Economic Loss (Million $),37398.250902298016,900.43289421184,0.041533634702487374,41.53363470248737,4.153363470248737e-05,96.677309223801
Mexico,2027,Carbon_Footprint_kgCO2e,53003896.06311777,900.43289421184,58.864904207562006,58864.904207562,0.058864904207562,0.0
Mexico,2027,Sustainability_Score,18.365038200289945,900.43289421184,2.039578775758197e-05,0.020395787757581968,2.0395787757581968e-08,99.9983683369794
Russia,2027,Total Waste (Tons),53979.81952646939,1370.7457913036799,0.039379890763794084,39.37989076379408,3.937989076379408e-05,96.84960873889648
Russia,2027,Economic Loss (Million $),36184.116578223475,1370.7457913036799,0.026397393891546966,26.397393891546965,2.6397393891546968e-05,97.88820848867624
Russia,2027,Carbon_Footprint_kgCO2e,54171109.3305699,1370.7457913036799,39.51944238986078,39519.44238986077,0.03951944238986078,0.0
Russia,2027,Sustainability_Score,35.34033888232952,1370.7457913036799,2.5781832858095633e-05,0.025781832858095634,2.5781832858095636e-08,99.99793745337135
Saudi Arabia,2027,Total Waste (Tons),50618.564063944774,572.5778130336,0.08840469000319853,88.40469000319852,8.840469000319853e-05,92.92762479974412
Saudi Arabia,2027,Economic Loss (Million $),36649.48860999599,572.5778130336,0.06400787417141035,64.00787417141036,6.400787417141036e-05,94.87937006628717
Saudi Arabia,2027,Carbon_Footprint_kgCO2e,50618564.06394481,572.5778130336,88.4046900031986,88404.6900031986,0.08840469000319859,0.0
Saudi Arabia,2027,Sustainability_Score,18.371486438549,572.5778130336,3.2085571638227146e-05,0.03208557163822714,3.208557163822714e-08,99.99743315426895
South Africa,2027,Total Waste (Tons),47873.1896697565,389.53325233152,0.12289885236553073,122.89885236553073,0.00012289885236553072,90.16809181075753
South Africa,2027,Economic Loss (Million $),34042.272098417496,389.53325233152,0.08739246750992428,87.39246750992429,8.739246750992428e-05,93.00860259920606
South Africa,2027,Carbon_Footprint_kgCO2e,47733260.662253834,389.53325233152,122.53963012541354,122539.63012541353,0.12253963012541354,0.0
South Africa,2027,Sustainability_Score,18.37803644112511,389.53325233152,4.7179634424339516e-05,0.04717963442433951,4.717963442433952e-08,99.99622562924606
South Korea,2027,Total Waste (Tons),52596.37179758136,986.92328881344,0.05329327253065132,53.29327253065132,5.3293272530651325e-05,95.73653819754789
South Korea,2027,Economic Loss (Million $),37529.557783297925,986.92328881344,0.03802682357249775,38.026823572497754,3.8026823572497754e-05,96.95785411420017
South Korea,2027,Carbon_Footprint_kgCO2e,52787661.60168188,986.92328881344,53.4870969203164,53487.096920316406,0.053487096920316404,0.0
South Korea,2027,Sustainability_Score,21.869205180706146,986.92328881344,2.2158971653206296e-05,0.022158971653206298,2.2158971653206296e-08,99.99822728226775
Spain,2027,Total Waste (Tons),45788.86415713262,227.45574594688,0.20130889183088016,201.30889183088013,0.00020130889183088015,83.8952886535296
Spain,2027,Economic Loss (Million $),32699.337365037485,227.45574594688,0.14376131598220468,143.76131598220468,0.00014376131598220466,88.49909472142363
Spain,2027,Carbon_Footprint_kgCO2e,45648935.14962991,227.45574594688,200.6936996011996,200693.69960119962,0.20069369960119962,0.0
Spain,2027,Sustainability_Score,18.365038200289945,227.45574594688,8.074114867416413e-05,0.08074114867416414,8.074114867416413e-08,99.99354070810607
Turkey,2027,Total Waste (Tons),54255.42712817477,1243.71010926272,0.04362385311826224,43.62385311826224,4.362385311826224e-05,96.51009175053902
Turkey,2027,Economic Loss (Million $),37111.66144432461,1243.71010926272,0.029839478804529987,29.83947880452999,2.983947880452999e-05,97.6128416956376
Turkey,2027,Carbon_Footprint_kgCO2e,54181883.5010268,1243.71010926272,43.56472066721899,43564.72066721899,0.04356472066721899,0.0
Turkey,2027,Sustainability_Score,21.82942014965316,1243.71010926272,1.7551855522500975e-05,0.017551855522500975,1.7551855522500973e-08,99.99859585155819
UK,2027,Total Waste (Tons),53850.17524518748,1191.80550816448,0.04518369387982025,45.183693879820254,4.518369387982025e-05,96.38530448961437
UK,2027,Economic Loss (Million $),36983.11977287171,1191.80550816448,0.031031170370935814,31.031170370935815,3.103117037093581e-05,97.51750637032514
UK,2027,Carbon_Footprint_kgCO2e,53776631.6180395,1191.80550816448,45.12198613753834,45121.98613753834,0.045121986137538345,0.0
UK,2027,Sustainability_Score,25.357734482444293,1191.80550816448,2.127673878726922e-05,0.02127673878726922,2.127673878726922e-08,99.99829786089703
USA,2027,Total Waste (Tons),52243.01700985302,866.5104182944,0.06029127394992644,60.29127394992644,6.029127394992644e-05,95.17669808400588
USA,2027,Economic Loss (Million $),36599.80296612923,866.5104182944,0.042238156856983476,42.23815685698348,4.2238156856983475e-05,96.62094745144132
USA,2027,Carbon_Footprint_kgCO2e,52243017.00985305,866.5104182944,60.29127394992648,60291.27394992647,0.06029127394992648,0.0
USA,2027,Sustainability_Score,18.379486742348668,866.5104182944,2.121092413236764e-05,0.02121092413236764,2.121092413236764e-08,99.99830312606942
Argentina,2028,Total Waste (Tons),51599.5010568878,829.6149529568665,0.062196927469761465,62.19692746976147,6.219692746976147e-05,95.02424580241909
Argentina,2028,Economic Loss (Million $),36812.956629146924,829.6149529568665,0.044373545218706914,44.373545218706916,4.437354521870691e-05,96.45011638250345
Argentina,2028,Carbon_Footprint_kgCO2e,51599501.05688782,829.6149529568665,62.19692746976149,62196.9274697615,0.06219692746976149,0.0
Argentina,2028,Sustainability_Score,20.631352993461455,829.6149529568665,2.486858863853449e-05,0.02486858863853449,2.486858863853449e-08,99.9980105129089
Australia,2028,Total Waste (Tons),41823.35726131981,93.08729528031999,0.449291787191521,449.29178719152105,0.00044929178719152105,64.05665702467832
Australia,2028,Economic Loss (Million $),31268.19422621118,93.08729528031999,0.33590184495157127,335.9018449515713,0.0003359018449515713,73.1278524038743
Australia,2028,Carbon_Footprint_kgCO2e,41449602.24085886,93.08729528031999,445.27668481546175,445276.6848154617,0.44527668481546173,0.0
Australia,2028,Sustainability_Score,18.401412166634373,93.08729528031999,0.0001976790937068369,0.19767909370683692,1.9767909370683692e-07,99.98418567250346
Brazil,2028,Total Waste (Tons),49723.82081185621,538.8364642744652,0.09227998494646897,92.27998494646896,9.227998494646896e-05,92.61760120428248
Brazil,2028,Economic Loss (Million $),36233.2396353099,538.8364642744652,0.06724348116287451,67.24348116287452,6.724348116287451e-05,94.62052150697005
Brazil,2028,Carbon_Footprint_kgCO2e,49723820.81185623,538.8364642744652,92.279984946469,92279.984946469,0.09227998494646901,0.0
Brazil,2028,Sustainability_Score,18.394963928375322,538.8364642744652,3.4138305678966715e-05,0.03413830567896672,3.413830567896672e-08,99.99726893554568
Canada,2028,Total Waste (Tons),53853.67789460359,1391.8727051593266,0.03869152523429864,38.69152523429864,3.869152523429864e-05,96.90467798125611
Canada,2028,Economic Loss (Million $),36121.544513223795,1391.8727051593266,0.02595175864813657,25.95175864813657,2.595175864813657e-05,97.92385930814908
Canada,2028,Carbon_Footprint_kgCO2e,54044967.6987041,1391.8727051593266,38.82895863851114,38828.95863851114,0.03882895863851114,0.0
Canada,2028,Sustainability_Score,32.532873120028945,1391.8727051593266,2.337345433920621e-05,0.02337345433920621,2.3373454339206208e-08,99.99813012365286
China,2028,Total Waste (Tons),41469.94754810427,88.82887929341183,0.46685208547013574,466.8520854701357,0.00046685208547013566,62.651833162389146
China,2028,Economic Loss (Million $),33068.91335202778,88.82887929341183,0.3722766021036629,372.2766021036629,0.00037227660210366293,70.21787183170696
China,2028,Carbon_Footprint_kgCO2e,41330018.54060155,88.82887929341183,465.2768206619362,465276.8206619362,0.46527682066193615,0.0
China,2028,Sustainability_Score,18.380515386316596,88.82887929341183,0.00020692049176488733,0.20692049176488733,2.0692049176488733e-07,99.98344636065882
France,2028,Total Waste (Tons),52217.8339773857,1135.7489120945227,0.04597656526131884,45.97656526131885,4.597656526131884e-05,96.32187477909449
France,2028,Economic Loss (Million $),36022.17035150151,1135.7489120945227,0.03171666727381691,31.716667273816913,3.1716667273816916e-05,97.46266661809464
France,2028,Carbon_Footprint_kgCO2e,52144290.35023771,1135.7489120945227,45.91181184058929,45911.81184058929,0.04591181184058929,0.0
France,2028,Sustainability_Score,34.53013822960726,1135.7489120945227,3.0402968351453275e-05,0.030402968351453275,3.0402968351453274e-08,99.99756776253189
Germany,2028,Total Waste (Tons),53666.008523005265,1415.3988801805951,0.03791581954350413,37.91581954350413,3.7915819543504124e-05,96.96673443651967
Germany,2028,Economic Loss (Million $),35880.01863339458,1415.3988801805951,0.02534975768019298,25.34975768019298,2.5349757680192978e-05,97.97201938558457
Germany,2028,Carbon_Footprint_kgCO2e,53857298.32710576,1415.3988801805951,38.05096858649057,38050.96858649057,0.038050968586490576,0.0
Germany,2028,Sustainability_Score,35.54508438425974,1415.3988801805951,2.511312173690884e-05,0.02511312173690884,2.511312173690884e-08,99.99799095026106
India,2028,Total Waste (Tons),53846.62689301829,1376.0242653656858,0.0391320329505296,39.1320329505296,3.91320329505296e-05,96.86943736395763
India,2028,Economic Loss (Million $),36280.80892526726,1376.0242653656858,0.026366401987559022,26.366401987559023,2.636640198755902e-05,97.89068784099528
India,2028,Carbon_Footprint_kgCO2e,54037916.697118804,1376.0242653656858,39.27104925199698,39271.04925199698,0.03927104925199698,0.0
India,2028,Sustainability_Score,41.13568150517777,1376.0242653656858,2.989459019041772e-05,0.02989459019041772,2.989459019041772e-08,99.99760843278477
Indonesia,2028,Total Waste (Tons),52626.09340352402,935.2362558833817,0.056270373472439655,56.27037347243965,5.6270373472439655e-05,95.49837012220482
Indonesia,2028,Economic Loss (Million $),37588.074714515395,935.2362558833817,0.04019099396335037,40.19099396335037,4.0190993963350374e-05,96.78472048293196
Indonesia,2028,Carbon_Footprint_kgCO2e,52626093.40352405,935.2362558833817,56.27037347243969,56270.373472439685,0.05627037347243968,0.0
Indonesia,2028,Sustainability_Score,20.03937185983202,935.2362558833817,2.142706907882195e-05,0.02142706907882195,2.142706907882195e-08,99.9982858344737
Italy,2028,Total Waste (Tons),49207.24210387619,490.4520481473536,0.10033038355075265,100.33038355075264,0.00010033038355075265,91.97356931593978
Italy,2028,Economic Loss (Million $),36135.60255069922,490.4520481473536,0.07367815607498998,73.67815607499,7.367815607498999e-05,94.1057475140008
Italy,2028,Carbon_Footprint_kgCO2e,49018861.55732611,490.4520481473536,99.94628780222499,99946.287802225,0.09994628780222499,0.0
Italy,2028,Sustainability_Score,18.394963928375322,490.4520481473536,3.750614152364322e-05,0.03750614152364322,3.750614152364322e-08,99.9969995086781
Japan,2028,Total Waste (Tons),53218.556063947355,1367.2137495307034,0.038924825092063804,38.924825092063806,3.89248250920638e-05,96.8860139926349
Japan,2028,Economic Loss (Million $),36255.73652644574,1367.2137495307034,0.02651797243766056,26.51797243766056,2.651797243766056e-05,97.87856220498716
Japan,2028,Carbon_Footprint_kgCO2e,53409845.86804786,1367.2137495307034,39.06473723394079,39064.73723394079,0.03906473723394079,0.0
Japan,2028,Sustainability_Score,35.87832489126261,1367.2137495307034,2.624192808445487e-05,0.026241928084454868,2.624192808445487e-08,99.99790064575325
Mexico,2028,Total Waste (Tons),53059.26732788799,911.238088942382,0.05822766626170183,58.22766626170183,5.822766626170183e-05,95.34178669906386
Mexico,2028,Economic Loss (Million $),37398.250902298016,911.238088942382,0.04104114101036302,41.04114101036302,4.1041141010363016e-05,96.71670871917095
Mexico,2028,Carbon_Footprint_kgCO2e,52953772.531879276,911.238088942382,58.111895424981036,58111.89542498104,0.05811189542498104,0.0
Mexico,2028,Sustainability_Score,18.380515386316596,911.238088942382,2.0170925260213528e-05,0.020170925260213527,2.017092526021353e-08,99.99838632597917
Russia,2028,Total Waste (Tons),53652.29978931318,1387.194740799324,0.03867683333228171,38.67683333228171,3.8676833332281714e-05,96.90585333341745
Russia,2028,Economic Loss (Million $),35928.03333065353,1387.194740799324,0.025899776198654863,25.899776198654862,2.589977619865486e-05,97.9280179041076
Russia,2028,Carbon_Footprint_kgCO2e,53843589.59341369,1387.194740799324,38.81473019598398,38814.730195983975,0.03881473019598398,0.0
Russia,2028,Sustainability_Score,35.42495465547074,1387.194740799324,2.5537117185910257e-05,0.025537117185910257,2.5537117185910255e-08,99.99795703062513
Saudi Arabia,2028,Total Waste (Tons),50519.40834418433,579.4487467900033,0.08718529226967671,87.18529226967671,8.718529226967671e-05,93.02517661842586
Saudi Arabia,2028,Economic Loss (Million $),36670.79386364392,579.4487467900033,0.06328565566288764,63.28565566288764,6.328565566288765e-05,94.93714754696899
Saudi Arabia,2028,Carbon_Footprint_kgCO2e,50519408.34418437,579.4487467900033,87.18529226967678,87185.29226967676,0.08718529226967678,0.0
Saudi Arabia,2028,Sustainability_Score,18.38696362457565,579.4487467900033,3.1731820504289096e-05,0.0317318205042891,3.1731820504289103e-08,99.99746145435967
South Africa,2028,Total Waste (Tons),47780.506086868125,394.2076513594982,0.12120644011370196,121.20644011370197,0.00012120644011370197,90.30348479090384
South Africa,2028,Economic Loss (Million $),34243.78921483519,394.2076513594982,0.08686738853682603,86.86738853682604,8.686738853682604e-05,93.0506089170539
South Africa,2028,Carbon_Footprint_kgCO2e,47640577.07936545,394.2076513594982,120.85147742583911,120851.4774258391,0.1208514774258391,0.0
South Africa,2028,Sustainability_Score,18.393513627151766,394.2076513594982,4.66594536248049e-05,0.0466594536248049,4.6659453624804903e-08,99.99626724371001
South Korea,2028,Total Waste (Tons),52497.21607782092,998.7663682792013,0.05256205830025058,52.562058300250584,5.256205830025058e-05,95.79503533597995
South Korea,2028,Economic Loss (Million $),37516.394041581625,998.7663682792013,0.037562732620061615,37.56273262006162,3.756273262006161e-05,96.99498139039507
South Korea,2028,Carbon_Footprint_kgCO2e,52688505.88192144,998.7663682792013,52.75358437699473,52753.58437699473,0.05275358437699473,0.0
South Korea,2028,Sustainability_Score,21.849845695538708,998.7663682792013,2.1876833651481812e-05,0.02187683365148181,2.1876833651481813e-08,99.99824985330787
Spain,2028,Total Waste (Tons),46470.34321169258,230.18521489824255,0.20188239819067277,201.88239819067275,0.00020188239819067275,83.84940814474618
Spain,2028,Economic Loss (Million $),32666.814244143305,230.18521489824255,0.14191534525179753,141.91534525179753,0.00014191534525179755,88.6467723798562
Spain,2028,Carbon_Footprint_kgCO2e,46330414.20418987,230.18521489824255,201.2745007305141,201274.5007305141,0.2012745007305141,0.0
Spain,2028,Sustainability_Score,18.380515386316596,230.18521489824255,7.985098171679717e-05,0.07985098171679716,7.985098171679717e-08,99.99361192146266
Turkey,2028,Total Waste (Tons),54156.27140841433,1258.6346305738725,0.04302779384333471,43.027793843334706,4.302779384333471e-05,96.55777649253324
Turkey,2028,Economic Loss (Million $),36557.49390493632,1258.6346305738725,0.029045358372403896,29.0453583724039,2.9045358372403897e-05,97.6763713302077
Turkey,2028,Carbon_Footprint_kgCO2e,54082727.78126636,1258.6346305738725,42.96936256760028,42969.36256760028,0.042969362567600276,0.0
Turkey,2028,Sustainability_Score,21.85129599676226,1258.6346305738725,1.7361111370977607e-05,0.017361111370977608,1.736111137097761e-08,99.99861111109031
UK,2028,Total Waste (Tons),53903.94588613606,1206.1071742624538,0.044692500829454765,44.692500829454765,4.469250082945477e-05,96.42459993364362
UK,2028,Economic Loss (Million $),37021.550275571804,1206.1071742624538,0.030695075085852827,30.695075085852835,3.069507508585283e-05,97.54439399313178
UK,2028,Carbon_Footprint_kgCO2e,53830402.25898809,1206.1071742624538,44.63152479953193,44631.52479953194,0.04463152479953193,0.0
UK,2028,Sustainability_Score,30.73011899822482,1206.1071742624538,2.547876312651617e-05,0.02547876312651617,2.547876312651617e-08,99.99796169894988
USA,2028,Total Waste (Tons),52733.66252839434,876.9085433139327,0.06013587497860165,60.13587497860165,6.013587497860165e-05,95.18913000171187
USA,2028,Economic Loss (Million $),36599.80296612923,876.9085433139327,0.04173730914721688,41.737309147216884,4.173730914721688e-05,96.66101526822266
USA,2028,Carbon_Footprint_kgCO2e,52733662.52839437,876.9085433139327,60.13587497860168,60135.874978601685,0.06013587497860168,0.0
USA,2028,Sustainability_Score,18.399747847531735,876.9085433139327,2.0982516349991403e-05,0.020982516349991404,2.09825163499914e-08,99.998321398692
Argentina,2029,Total Waste (Tons),51760.61576697201,839.5703323923491,0.06165131588139917,61.65131588139917,6.165131588139917e-05,95.06789472948807
Argentina,2029,Economic Loss (Million $),36926.3712346129,839.5703323923491,0.04398246318374721,43.98246318374721,4.398246318374721e-05,96.48140294530023
Argentina,2029,Carbon_Footprint_kgCO2e,51760615.766972035,839.5703323923491,61.6513158813992,61651.3158813992,0.061651315881399195,0.0
Argentina,2029,Sustainability_Score,21.3753611487187,839.5703323923491,2.5459881470334683e-05,0.02545988147033468,2.545988147033468e-08,99.99796320948238
Australia,2029,Total Waste (Tons),41678.88151111889,94.20434282368386,0.44243057444948736,442.4305744494873,0.00044243057444948733,64.605554044041
Australia,2029,Economic Loss (Million $),31268.19422621118,94.20434282368386,0.3319188191221059,331.91881912210596,0.0003319188191221059,73.44649447023153
Australia,2029,Carbon_Footprint_kgCO2e,41305126.490657926,94.20434282368386,438.4630819830254,438463.08198302536,0.4384630819830254,0.0
Australia,2029,Sustainability_Score,18.401412166634373,94.20434282368386,0.00019533507283284272,0.19533507283284274,1.9533507283284273e-07,99.98437319417337
Brazil,2029,Total Waste (Tons),50109.428440425494,545.3025018457589,0.09189290030911898,91.89290030911897,9.189290030911898e-05,92.64856797527048
Brazil,2029,Economic Loss (Million $),36233.2396353099,545.3025018457589,0.06644612763129891,66.4461276312989,6.64461276312989e-05,94.6843097894961
Brazil,2029,Carbon_Footprint_kgCO2e,50109428.44042552,545.3025018457589,91.89290030911903,91892.90030911904,0.09189290030911904,0.0
Brazil,2029,Sustainability_Score,18.394963928375322,545.3025018457589,3.3733503635342595e-05,0.033733503635342596,3.37335036353426e-08,99.99730131970918
Canada,2029,Total Waste (Tons),53853.67789460359,1408.575177621239,0.03823273244495912,38.23273244495912,3.823273244495912e-05,96.94138140440327
Canada,2029,Economic Loss (Million $),36121.544513223795,1408.575177621239,0.025644030284719923,25.64403028471992,2.5644030284719923e-05,97.9484775772224
Canada,2029,Carbon_Footprint_kgCO2e,54044967.6987041,1408.575177621239,38.36853620406238,38368.53620406238,0.03836853620406238,0.0
Canada,2029,Sustainability_Score,32.532873120028945,1408.575177621239,2.3096298754156326e-05,0.023096298754156325,2.3096298754156323e-08,99.99815229609966
China,2029,Total Waste (Tons),41325.471797903345,89.8948258449328,0.45970912574199935,459.70912574199934,0.00045970912574199937,63.22326994064005
China,2029,Economic Loss (Million $),33068.91335202778,89.8948258449328,0.3678622550431451,367.8622550431451,0.00036786225504314513,70.5710195965484
China,2029,Carbon_Footprint_kgCO2e,41185542.79040062,89.8948258449328,458.15253996314595,458152.539963146,0.4581525399631459,0.0
China,2029,Sustainability_Score,18.380515386316596,89.8948258449328,0.00020446688909573843,0.20446688909573843,2.0446688909573843e-07,99.98364264887233
France,2029,Total Waste (Tons),52624.12009676987,1149.3778990396572,0.045784872095364845,45.78487209536484,4.5784872095364844e-05,96.33721023237081
France,2029,Economic Loss (Million $),36100.67757012713,1149.3778990396572,0.03140888440633009,31.4088844063301,3.1408884406330093e-05,97.48728924749359
France,2029,Carbon_Footprint_kgCO2e,52550576.46962188,1149.3778990396572,45.720886501758564,45720.88650175857,0.04572088650175857,0.0
France,2029,Sustainability_Score,34.84014333115927,1149.3778990396572,3.0312174403448467e-05,0.030312174403448466,3.0312174403448466e-08,99.99757502604773
Germany,2029,Total Waste (Tons),53666.008523005265,1432.3836667427627,0.0374662248453598,37.466224845359804,3.74662248453598e-05,97.00270201237122
Germany,2029,Economic Loss (Million $),35880.01863339458,1432.3836667427627,0.025049167668174877,25.049167668174878,2.5049167668174873e-05,97.99606658654602
Germany,2029,Carbon_Footprint_kgCO2e,53857298.32710576,1432.3836667427627,37.59977133052427,37599.77133052427,0.03759977133052427,0.0
Germany,2029,Sustainability_Score,35.55655252315972,1432.3836667427627,2.4823344016491925e-05,0.024823344016491927,2.4823344016491927e-08,99.99801413247867
India,2029,Total Waste (Tons),53623.73114502617,1392.5365565500742,0.0385079521918446,38.5079521918446,3.85079521918446e-05,96.91936382465244
India,2029,Economic Loss (Million $),36341.89249136725,1392.5365565500742,0.02609762186883058,26.097621868830583,2.609762186883058e-05,97.91219025049355
India,2029,Carbon_Footprint_kgCO2e,53815020.94912668,1392.5365565500742,38.64532007867008,38645.320078670076,0.03864532007867008,0.0
India,2029,Sustainability_Score,41.595491328982604,1392.5365565500742,2.987030475669015e-05,0.02987030475669015,2.9870304756690147e-08,99.99761037561946
Indonesia,2029,Total Waste (Tons),52626.09340352402,946.4590909539825,0.055603135842331654,55.60313584233165,5.5603135842331656e-05,95.55174913261347
Indonesia,2029,Economic Loss (Million $),37783.73869676818,946.4590909539825,0.039921153547887736,39.92115354788774,3.9921153547887735e-05,96.80630771616899
Indonesia,2029,Carbon_Footprint_kgCO2e,52626093.40352405,946.4590909539825,55.60313584233169,55603.135842331685,0.05560313584233169,0.0
Indonesia,2029,Sustainability_Score,20.645801535520178,946.4590909539825,2.1813728382819235e-05,0.021813728382819232,2.1813728382819232e-08,99.99825490172938
Italy,2029,Total Waste (Tons),49207.24210387619,496.3374727251219,0.09914069520825358,99.14069520825359,9.914069520825358e-05,92.0687443833397
Italy,2029,Economic Loss (Million $),36514.13923631436,496.3374727251219,0.07356716194696096,73.56716194696097,7.356716194696095e-05,94.11462704424312
Italy,2029,Carbon_Footprint_kgCO2e,49015648.24373584,496.3374727251219,98.75467990481818,98754.67990481819,0.09875467990481819,0.0
Italy,2029,Sustainability_Score,18.394963928375322,496.3374727251219,3.706140466763163e-05,0.03706140466763164,3.7061404667631634e-08,99.99703508762659
Japan,2029,Total Waste (Tons),53218.556063947355,1383.620314525072,0.03846326590124881,38.46326590124881,3.846326590124881e-05,96.9229387279001
Japan,2029,Economic Loss (Million $),36268.23346901888,1383.620314525072,0.026212562137372167,26.212562137372174,2.6212562137372172e-05,97.90299502901021
Japan,2029,Carbon_Footprint_kgCO2e,53409845.86804786,1383.620314525072,38.60151900587034,38601.51900587033,0.03860151900587034,0.0
Japan,2029,Sustainability_Score,36.105745199641454,1383.620314525072,2.6095125100873325e-05,0.026095125100873324,2.6095125100873326e-08,99.99791238999194
Mexico,2029,Total Waste (Tons),53211.865333027934,922.1729460096908,0.05770269618435407,57.70269618435407,5.7702696184354066e-05,95.38378430525168
Mexico,2029,Economic Loss (Million $),37398.250902298016,922.1729460096908,0.04055448716439033,40.55448716439033,4.055448716439032e-05,96.75564102684876
Mexico,2029,Carbon_Footprint_kgCO2e,53106370.53701923,922.1729460096908,57.5882981243533,57588.29812435329,0.0575882981243533,0.0
Mexico,2029,Sustainability_Score,18.380515386316596,922.1729460096908,1.9931744328274234e-05,0.019931744328274232,1.9931744328274233e-08,99.99840546045375
Russia,2029,Total Waste (Tons),53652.29978931318,1403.8410776889161,0.038218214755219075,38.21821475521907,3.821821475521907e-05,96.94254281958248
Russia,2029,Economic Loss (Million $),35989.11689675353,1403.8410776889161,0.025636175966585104,25.636175966585103,2.5636175966585104e-05,97.9491059226732
Russia,2029,Carbon_Footprint_kgCO2e,53843589.59341369,1403.8410776889161,38.354476478245026,38354.47647824503,0.038354476478245025,0.0
Russia,2029,Sustainability_Score,35.73703257609984,1403.8410776889161,2.5456608403945694e-05,0.02545660840394569,2.5456608403945693e-08,99.9979634713277
Saudi Arabia,2029,Total Waste (Tons),50519.40834418433,586.4021317514834,0.08615147457477935,86.15147457477936,8.615147457477936e-05,93.10788203401765
Saudi Arabia,2029,Economic Loss (Million $),36557.61574364392,586.4021317514834,0.062342228590562154,62.34222859056216,6.234222859056215e-05,95.01262171275503
Saudi Arabia,2029,Carbon_Footprint_kgCO2e,50519408.34418437,586.4021317514834,86.15147457477943,86151.47457477942,0.08615147457477942,0.0
Saudi Arabia,2029,Sustainability_Score,18.38696362457565,586.4021317514834,3.135555385799318e-05,0.03135555385799318,3.135555385799318e-08,99.99749155569135
South Africa,2029,Total Waste (Tons),47780.506086868125,398.93814317581223,0.11976920959851971,119.76920959851972,0.00011976920959851972,90.41846323211843
South Africa,2029,Economic Loss (Million $),35061.36385800031,398.93814317581223,0.08788671742162481,87.88671742162481,8.788671742162481e-05,92.96906260627
South Africa,2029,Carbon_Footprint_kgCO2e,47640577.07936545,398.93814317581223,119.41845595438645,119418.45595438645,0.11941845595438644,0.0
South Africa,2029,Sustainability_Score,18.393513627151766,398.93814317581223,4.6106179471151084e-05,0.04610617947115108,4.610617947115108e-08,99.9963115056423
South Korea,2029,Total Waste (Tons),52497.21607782092,1010.7515646985519,0.051938792786808866,51.93879278680887,5.193879278680887e-05,95.84489657705528
South Korea,2029,Economic Loss (Million $),37544.342635737536,1010.7515646985519,0.03714497602280222,37.14497602280222,3.714497602280222e-05,97.02840191817582
South Korea,2029,Carbon_Footprint_kgCO2e,52688505.88192144,1010.7515646985519,52.12804780335447,52128.047803354464,0.05212804780335447,0.0
South Korea,2029,Sustainability_Score,21.849845695538708,1010.7515646985519,2.1617424556800208e-05,0.021617424556800206,2.1617424556800205e-08,99.99827060603546
Spain,2029,Total Waste (Tons),46470.34321169258,232.9474374770215,0.19948853576153433,199.4885357615343,0.0001994885357615343,84.04091713907727
Spain,2029,Economic Loss (Million $),32784.56547155198,232.9474374770215,0.14073803870362783,140.73803870362784,0.00014073803870362782,88.74095690370977
Spain,2029,Carbon_Footprint_kgCO2e,46330414.20418987,232.9474374770215,198.8878465716542,198887.8465716542,0.1988878465716542,0.0
Spain,2029,Sustainability_Score,18.380515386316596,232.9474374770215,7.890413213122248e-05,0.07890413213122248,7.89041321312225e-08,99.9936876694295
Turkey,2029,Total Waste (Tons),54156.27140841433,1273.7382461407592,0.04251758284914496,42.517582849144965,4.2517582849144965e-05,96.59859337206841
Turkey,2029,Economic Loss (Million $),36389.20705695495,1273.7382461407592,0.02856882657579682,28.568826575796816,2.8568826575796814e-05,97.71449387393625
Turkey,2029,Carbon_Footprint_kgCO2e,54082727.78126636,1273.7382461407592,42.45984443438762,42459.84443438762,0.04245984443438762,0.0
Turkey,2029,Sustainability_Score,21.85129599676226,1273.7382461407592,1.7155248390294076e-05,0.017155248390294076,1.7155248390294078e-08,99.99862758012877
UK,2029,Total Waste (Tons),53903.94588613606,1220.5804603536035,0.044162550226733946,44.16255022673395,4.416255022673395e-05,96.46699598186129
UK,2029,Economic Loss (Million $),37115.54480015567,1220.5804603536035,0.03040810991632887,30.40810991632887,3.040810991632887e-05,97.56735120669369
UK,2029,Carbon_Footprint_kgCO2e,53830402.25898809,1220.5804603536035,44.102297232739055,44102.29723273905,0.04410229723273905,0.0
UK,2029,Sustainability_Score,32.334606834583724,1220.5804603536035,2.6491171934061888e-05,0.026491171934061888,2.649117193406189e-08,99.99788070624527
USA,2029,Total Waste (Tons),52713.73505680452,887.4314458337001,0.05940034613860505,59.400346138605045,5.940034613860505e-05,95.2479723089116
USA,2029,Economic Loss (Million $),36927.716589314856,887.4314458337001,0.04161190902427737,41.61190902427737,4.1611909024277365e-05,96.67104727805781
USA,2029,Carbon_Footprint_kgCO2e,52713735.056804545,887.4314458337001,59.40034613860507,59400.34613860508,0.05940034613860508,0.0
USA,2029,Sustainability_Score,18.404531766688148,887.4314458337001,2.0739102556139375e-05,0.020739102556139373,2.073910255613937e-08,99.9983408717955
Argentina,2030,Total Waste (Tons),51859.771486732454,849.6451763810572,0.061036975114272723,61.03697511427273,6.103697511427272e-05,95.11704199085817
Argentina,2030,Economic Loss (Million $),36926.3712346129,849.6451763810572,0.043460931999750214,43.46093199975021,4.346093199975021e-05,96.52312544002
Argentina,2030,Carbon_Footprint_kgCO2e,51859771.486732475,849.6451763810572,61.03697511427275,61036.975114272755,0.06103697511427275,0.0
Argentina,2030,Sustainability_Score,21.409054036017938,849.6451763810572,2.5197640887231017e-05,0.025197640887231018,2.5197640887231016e-08,99.99798418872902
Australia,2030,Total Waste (Tons),41978.93931729176,95.33479493756805,0.44033177335497004,440.33177335497004,0.00044033177335497004,64.7734581316024
Australia,2030,Economic Loss (Million $),31268.19422621118,95.33479493756805,0.3279830228479308,327.98302284793084,0.0003279830228479308,73.76135817216553
Australia,2030,Carbon_Footprint_kgCO2e,41605184.2968308,95.33479493756805,436.41132625372313,436411.3262537231,0.43641132625372314,0.0
Australia,2030,Sustainability_Score,18.38593498060772,95.33479493756805,0.00019285650105659876,0.19285650105659874,1.9285650105659875e-07,99.98457147991546
Brazil,2030,Total Waste (Tons),50287.79828555606,551.846131867908,0.0911264850499906,91.1264850499906,9.11264850499906e-05,92.70988119600074
Brazil,2030,Economic Loss (Million $),36120.061515309906,551.846131867908,0.06545313889045387,65.45313889045387,6.545313889045388e-05,94.76374888876369
Brazil,2030,Carbon_Footprint_kgCO2e,50287798.285556085,551.846131867908,91.12648504999065,91126.48504999065,0.09112648504999064,0.0
Brazil,2030,Sustainability_Score,18.379486742348668,551.846131867908,3.330545541768525e-05,0.03330545541768525,3.3305455417685256e-08,99.99733556356658
Canada,2030,Total Waste (Tons),53803.15697205526,1425.4780797526935,0.03774393849773515,37.74393849773515,3.774393849773515e-05,96.98048492018118
Canada,2030,Economic Loss (Million $),36121.544513223795,1425.4780797526935,0.025339950874229182,25.339950874229178,2.5339950874229177e-05,97.97280393006167
Canada,2030,Carbon_Footprint_kgCO2e,53994446.77615576,1425.4780797526935,37.878131935584214,37878.13193558422,0.03787813193558422,0.0
Canada,2030,Sustainability_Score,32.59846892067638,1425.4780797526935,2.2868446301420434e-05,0.02286844630142043,2.2868446301420433e-08,99.99817052429589
China,2030,Total Waste (Tons),41076.12623392613,90.97356375507198,0.4515171720052139,451.5171720052139,0.0004515171720052139,63.87862623958289
China,2030,Economic Loss (Million $),33068.91335202778,90.97356375507198,0.3635002520189181,363.50025201891816,0.00036350025201891816,70.91997983848654
China,2030,Carbon_Footprint_kgCO2e,40936197.2264234,90.97356375507198,449.97904376524014,449979.0437652401,0.4499790437652401,0.0
China,2030,Sustainability_Score,18.365038200289945,90.97356375507198,0.00020187225213836975,0.20187225213836973,2.0187225213836972e-07,99.98385021982892
France,2030,Total Waste (Tons),53513.45207218565,1163.170433828133,0.0460065442826521,46.0065442826521,4.6006544282652104e-05,96.31947645738784
France,2030,Economic Loss (Million $),36154.0324707287,1163.170433828133,0.03108231727636118,31.082317276361177,3.1082317276361174e-05,97.5134146178911
France,2030,Carbon_Footprint_kgCO2e,53439908.44503767,1163.170433828133,45.94331741149966,45943.31741149966,0.04594331741149966,0.0
France,2030,Sustainability_Score,35.31411355396581,1163.170433828133,3.0360222824563075e-05,0.030360222824563077,3.0360222824563075e-08,99.99757118217406
Germany,2030,Total Waste (Tons),53536.80022536994,1449.5722707436755,0.036932825845174246,36.93282584517424,3.693282584517425e-05,97.04537393238606
Germany,2030,Economic Loss (Million $),35611.4384432515,1449.5722707436755,0.02456685959161024,24.566859591610243,2.456685959161024e-05,98.0346512326712
Germany,2030,Carbon_Footprint_kgCO2e,53728090.02947043,1449.5722707436755,37.06478877517866,37064.78877517866,0.037064788775178666,0.0
Germany,2030,Sustainability_Score,35.7840146706476,1449.5722707436755,2.468591279846247e-05,0.024685912798462467,2.468591279846247e-08,99.99802512697613
India,2030,Total Waste (Tons),53722.88686478661,1409.246995228675,0.03812169693934252,38.12169693934251,3.812169693934252e-05,96.9502642448526
India,2030,Economic Loss (Million $),35686.80820979398,1409.246995228675,0.025323316871080623,25.32331687108062,2.532331687108062e-05,97.97413465031356
India,2030,Carbon_Footprint_kgCO2e,53914176.66888712,1409.246995228675,38.257435957944764,38257.43595794477,0.038257435957944765,0.0
India,2030,Sustainability_Score,41.595491328982604,1409.246995228675,2.9516111419654305e-05,0.029516111419654305,2.9516111419654305e-08,99.99763871108642
Indonesia,2030,Total Waste (Tons),52738.62553919501,957.8166000454302,0.05506129830772777,55.06129830772777,5.506129830772777e-05,95.59509613538178
Indonesia,2030,Economic Loss (Million $),37875.15109200628,957.8166000454302,0.0395432184931957,39.543218493195695,3.9543218493195695e-05,96.83654252054434
Indonesia,2030,Carbon_Footprint_kgCO2e,52738625.53919504,957.8166000454302,55.061298307727796,55061.2983077278,0.055061298307727796,0.0
Indonesia,2030,Sustainability_Score,20.6762079648113,957.8166000454302,2.158681313711895e-05,0.021586813137118948,2.158681313711895e-08,99.99827305494904
Italy,2030,Total Waste (Tons),49306.39782363663,502.2935223978233,0.09816251977182634,98.16251977182635,9.816251977182634e-05,92.14699841825389
Italy,2030,Economic Loss (Million $),36412.63300774797,502.2935223978233,0.07249273857628741,72.49273857628741,7.24927385762874e-05,94.200580913897
Italy,2030,Carbon_Footprint_kgCO2e,49114803.96349628,502.2935223978233,97.78108172495342,97781.08172495342,0.09778108172495342,0.0
Italy,2030,Sustainability_Score,18.379486742348668,502.2935223978233,3.659112833987906e-05,0.036591128339879056,3.659112833987905e-08,99.99707270973282
Japan,2030,Total Waste (Tons),53317.7117837078,1400.2237582993728,0.038077993940385836,38.07799394038584,3.8077993940385835e-05,96.95376048476913
Japan,2030,Economic Loss (Million $),36329.317035118875,1400.2237582993728,0.025945365388773487,25.945365388773485,2.5945365388773484e-05,97.92437076889813
Japan,2030,Carbon_Footprint_kgCO2e,53509001.5878083,1400.2237582993728,38.214607680130435,38214.60768013043,0.03821460768013043,0.0
Japan,2030,Sustainability_Score,36.22324902754626,1400.2237582993728,2.586961463326464e-05,0.025869614633264638,2.5869614633264637e-08,99.99793043082934
Mexico,2030,Total Waste (Tons),53311.021052788376,933.239021361807,0.05712472349794753,57.124723497947535,5.712472349794753e-05,95.43002212016421
Mexico,2030,Economic Loss (Million $),37398.250902298016,933.239021361807,0.040073603917381746,40.07360391738175,4.007360391738175e-05,96.79411168660945
Mexico,2030,Carbon_Footprint_kgCO2e,53205526.25677967,933.239021361807,57.011681936681946,57011.68193668195,0.05701168193668195,0.0
Mexico,2030,Sustainability_Score,18.365038200289945,933.239021361807,1.9678815158726646e-05,0.019678815158726645,1.9678815158726643e-08,99.9984256947873
Russia,2030,Total Waste (Tons),53751.455509073625,1420.687170621183,0.037834828539749024,37.834828539749026,3.783482853974903e-05,96.97321371682008
Russia,2030,Economic Loss (Million $),36184.31780358312,1420.687170621183,0.02546958862714432,25.46958862714432,2.546958862714432e-05,97.96243290982845
Russia,2030,Carbon_Footprint_kgCO2e,53942745.31317413,1420.687170621183,37.96947451111854,37969.47451111854,0.037969474511118546,0.0
Russia,2030,Sustainability_Score,35.65241680295861,1420.687170621183,2.509519163699487e-05,0.02509519163699487,2.5095191636994868e-08,99.99799238466905
Saudi Arabia,2030,Total Waste (Tons),50572.25621956616,593.4389573325011,0.08521896918747578,85.21896918747578,8.521896918747578e-05,93.18248246500195
Saudi Arabia,2030,Economic Loss (Million $),36624.26384770492,593.4389573325011,0.061715300950801105,61.7153009508011,6.17153009508011e-05,95.0627759239359
Saudi Arabia,2030,Carbon_Footprint_kgCO2e,50572256.219566196,593.4389573325011,85.21896918747584,85218.96918747584,0.08521896918747583,0.0
Saudi Arabia,2030,Sustainability_Score,18.371486438549,593.4389573325011,3.095766836934425e-05,0.030957668369344247,3.095766836934425e-08,99.99752338653045
South Africa,2030,Total Waste (Tons),48019.57927674138,403.725400893922,0.11894118916079403,118.94118916079404,0.00011894118916079404,90.48470486713647
South Africa,2030,Economic Loss (Million $),35061.36385800031,403.725400893922,0.08684458243243558,86.84458243243559,8.684458243243558e-05,93.05243340540515
South Africa,2030,Carbon_Footprint_kgCO2e,47879650.2692387,403.725400893922,118.59459465078092,118594.59465078093,0.11859459465078093,0.0
South Africa,2030,Sustainability_Score,18.37803644112511,403.725400893922,4.552112995722531e-05,0.04552112995722531,4.5521129957225315e-08,99.99635830960342
South Korea,2030,Total Waste (Tons),52090.33169497018,1022.8805834749344,0.0509251348950321,50.9251348950321,5.09251348950321e-05,95.92598920839744
South Korea,2030,Economic Loss (Million $),37452.30238695542,1022.8805834749344,0.03661454034030278,36.614540340302774,3.6614540340302774e-05,97.07083677277579
South Korea,2030,Carbon_Footprint_kgCO2e,52281621.49907069,1022.8805834749344,51.11214578094672,51112.145780946725,0.05111214578094672,0.0
South Korea,2030,Sustainability_Score,21.869205180706146,1022.8805834749344,2.1380017896529025e-05,0.021380017896529026,2.1380017896529022e-08,99.99828959856828
Spain,2030,Total Waste (Tons),46470.34321169258,235.74280672674575,0.19712305905289954,197.12305905289952,0.00019712305905289954,84.23015527576806
Spain,2030,Economic Loss (Million $),32808.09223673417,235.74280672674575,0.13916900664868512,139.1690066486851,0.00013916900664868512,88.8664794681052
Spain,2030,Carbon_Footprint_kgCO2e,46330414.20418987,235.74280672674575,196.52949265973737,196529.49265973739,0.19652949265973738,0.0
Spain,2030,Sustainability_Score,18.365038200289945,235.74280672674575,7.790285716576384e-05,0.07790285716576384,7.790285716576384e-08,99.99376777142673
Turkey,2030,Total Waste (Tons),54026.43060295347,1289.0231050944483,0.04191269372087391,41.912693720873904,4.1912693720873905e-05,96.64698450233008
Turkey,2030,Economic Loss (Million $),37228.2242862764,1289.0231050944483,0.028880959650097692,28.880959650097697,2.8880959650097697e-05,97.68952322799218
Turkey,2030,Carbon_Footprint_kgCO2e,54217720.407053985,1289.0231050944483,42.06109277077806,42061.09277077806,0.04206109277077806,0.0
Turkey,2030,Sustainability_Score,21.8706554819297,1289.0231050944483,1.696684519888975e-05,0.016966845198889753,1.696684519888975e-08,99.99864265238408
UK,2030,Total Waste (Tons),54003.1016058965,1235.2274258778466,0.04371915687308982,43.719156873089815,4.3719156873089815e-05,96.50246745015284
UK,2030,Economic Loss (Million $),37033.02954086492,1235.2274258778466,0.029980737769440654,29.98073776944066,2.9980737769440657e-05,97.60154097844473
UK,2030,Carbon_Footprint_kgCO2e,53929557.97874853,1235.2274258778466,43.65961834147431,43659.61834147431,0.043659618341474304,0.0
UK,2030,Sustainability_Score,32.33212788939224,1235.2274258778466,2.6175040492170553e-05,0.026175040492170554,2.6175040492170553e-08,99.99790599676062
USA,2030,Total Waste (Tons),52812.890776564964,898.0806231837043,0.058806402691712424,58.80640269171242,5.8806402691712426e-05,95.295487784663
USA,2030,Economic Loss (Million $),36926.9640233457,898.0806231837043,0.04111764920663722,41.11764920663722,4.111764920663722e-05,96.71058806346903
USA,2030,Carbon_Footprint_kgCO2e,52812890.776564986,898.0806231837043,58.80640269171245,58806.40269171244,0.058806402691712445,0.0
USA,2030,Sustainability_Score,18.638803595326852,898.0806231837043,2.0754042693018044e-05,0.020754042693018046,2.0754042693018044e-08,99.99833967658456
